"","pval_permanova_late","Fval_permanova_late"
"bray",0.129,1.9960172654381
"jaccard",0.127,1.93000872528476
"unifrac",0.379,0.955501289789274
"wunifrac",0.783,0.145078472874168
"TEMPTED",0.001,7.6349712972716
"CTF",0.047,3.70719925584123
