"","pval_permanova_late","Fval_permanova_late"
"bray",0.135,1.9960172654381
"jaccard",0.131,1.93000872528476
"unifrac",0.349,0.955501289789274
"wunifrac",0.803,0.145078472874168
"TEMPTED",0.001,6.92202205766118
"CTF",0.055,3.70719925584123
