"","pval_permanova_late","Fval_permanova_late"
"Bray-Curtis",0.133,1.99601726543809
"Jaccard",0.125,1.93000872528475
"UniFrac",0.34,0.955501289789274
"Weighted UniFrac",0.799,0.145078472874167
"TEMPTED",0.001,6.92202205766117
"CTF",0.044,3.70719925584122
