"","pval_permanova_late","Fval_permanova_late"
"Bray-Curtis",0.137,1.99601726543809
"Jaccard",0.147,1.93000872528475
"UniFrac",0.368,0.955501289789274
"Weighted UniFrac",0.82,0.145078472874167
"TEMPTED",0.002,6.92202205766117
"CTF",0.041,3.70719925584122
