"","pval_permanova_late","Fval_permanova_late"
"bray",0.133,1.9960172654381
"jaccard",0.154,1.93000872528476
"unifrac",0.355,0.955501289789274
"wunifrac",0.8,0.145078472874168
"TEMPTED",0.001,7.6349712972716
"CTF",0.043,3.70719925584123
